store_name,post_title,post_date,username,content,comment_date,location,likes,reply_to,sentiment,sentiment_words,is_comparison,matched_by,source_file,line_number
响火锅,,03-19,- 来个可宋吗,大坪正街有那个响火锅，比较辣，要早点在手机上排号。下面有个渝芝香美蛙三合鱼，吃完旁边有家大排档烤的苕皮很好吃，叫房记来大排档。另外一边有一家鸡杂干锅，定位就在69号，没名字就叫黔江鸡杂，这家也不错。耶屹口还可以但是你们估计排不上。对面是姐妹肥肠鸡，D馆那边有一个辣螃凯盆盆蟹，鲜辣虾真的好吃，但你们吃可能会有点辣,03-23,重庆,49,,positive,"香, 不错",False,direct,大坪.txt,393
响火锅,,03-19,- 来个可宋吗,回复 巨大的皮老师 : 这不是在大坪范围内推荐吗，响火锅再怎么跟以前比一般了，也比时代天街其他火锅好吃，而且他们外地人吃响火锅已经很正宗了。陈眼镜我觉得外卖比店里好吃，所以目前响火锅在大坪正街范围内我觉得算第一的。渝芝香美蛙三合鱼不算我吃过最好吃的，我吃过最好吃的是在南坪，但是那条街的美蛙三合鱼我都吃过，他家是我觉得最香的。房记来的烤苕皮就是好吃啊，我喜欢这种老重庆剪了霍佐料的味道。但是晓付我也吃，他们家的烤年糕好吃。我更喜欢房记来是他们家江湖菜更多,03-24,重庆,5,巨大的皮老师,positive,"推荐, 正宗, 香, 喜欢, 好吃",False,direct,大坪.txt,399
响火锅,,03-19,福气源源,回复 巨大的皮老师 : 很好吃啊响火锅,03-24,重庆,0,巨大的皮老师,positive,好吃,False,direct,大坪.txt,417
响火锅,,03-19,福气源源,回复 巨大的皮老师 : 那你可以推荐一下好吃的火锅吗，在我心里响火锅已经是number one了,03-25,重庆,0,巨大的皮老师,positive,"推荐, 好吃",False,direct,大坪.txt,429
响火锅,,03-19,巨大的皮老师,回复 福气源源 : 响火锅老店前面几步的廖姐梯坎老火锅,03-25,重庆,0,福气源源,neutral,,True,direct,大坪.txt,435
梯坎老火锅,,03-19,巨大的皮老师,回复 福气源源 : 响火锅老店前面几步的廖姐梯坎老火锅,03-25,重庆,0,福气源源,neutral,,True,direct,大坪.txt,435
响火锅,,03-19,捡到两块钱,回复 巨大的皮老师 : 赞同，，，响火锅也就疫情那段时间最好吃，然后越来越拉，感觉钱赚够了,03-27,重庆,0,巨大的皮老师,positive,"赞, 好吃",False,direct,大坪.txt,441
响火锅,,03-19,刘可爱.,手机上怎么排号。响火锅,04-02,重庆,0,,neutral,,False,direct,大坪.txt,453
响火锅,,03-19,巨大的皮老师,我在大坪住了20多年，你说的每一家都吃过，每一家都是我的避雷店响火锅一开始很好吃，现在很难吃，三合鱼刚开业就去吃然后就再也没去过了，房记来更是拉中之拉，他前面的晓付开了快将近20年比他好吃几个档次,03-24,重庆,0,,negative,"没好吃, 拉中之拉, 难吃, 避雷",False,direct,大坪.txt,491
响火锅,,03-19,巨大的皮老师,回复 乌托邦 : 响火锅老店前面几步，廖姐梯坎老火锅,03-24,重庆,0,乌托邦,neutral,,True,direct,大坪.txt,497
梯坎老火锅,,03-19,巨大的皮老师,回复 乌托邦 : 响火锅老店前面几步，廖姐梯坎老火锅,03-24,重庆,0,乌托邦,neutral,,True,direct,大坪.txt,497
响火锅,,03-19,柠檬附体,响火锅难吃的要死，锅底贼难吃,03-24,重庆,0,,negative,难吃,False,direct,大坪.txt,503
响火锅,,03-19,麦檬线上万象城MM-专柜发货,回复 - 来个可宋吗 : 石油路车站的逸桐火锅也很好吃，不会低于响火锅，很多年了，我们聚餐吃火锅基本去逸桐吃，很推荐,04-02,重庆,0,- 来个可宋吗,positive,"推荐, 不会低于, 好吃",False,direct,大坪.txt,515
响火锅,,03-19,巨大的皮老师,回复 今天开心吗 : 现在的响火锅真的lj,07-09,重庆,0,今天开心吗,negative,lj,False,direct,大坪.txt,521
响火锅,,03-19,🌙窝,大坪响火锅我要一直推荐！！,03-25,天津,2,,positive,推荐,False,direct,大坪.txt,575
响火锅,,03-19,小只,回复 今天开心吗 : 是的，都是些阿姨 问她也对你爱搭不理的，我每次看到他们评论说响火锅好吃我都想评论难吃好吃个喘喘,07-09,重庆,1,今天开心吗,negative,"反讽好吃个喘喘, 难吃",False,direct,大坪.txt,631
四间火锅,,03-19,北极有🐻,响火锅二号店旁边的旁边四间火锅我觉得现在比响火锅好吃点而且价格也还行 福满轩那个苍蝇馆子我觉得也好吃 好多菜都很下饭 还有合平酿造那个烤肉 （这个一定要有人会烤肉才去哈 不会烤的去吃有点恼火 那个火很快）精酿也不错可以去尝试一下 炸串我推荐重医门口那个报亭炸串 吃的辣的话多放那个辣椒面好吃的板 其实重医附近的店都还可以 但是不经常在那边吃 可以做哈攻略,03-24,重庆,11,,positive,"推荐, 不错, 下饭, 好吃",True,direct,大坪.txt,643
响火锅,,03-19,北极有🐻,响火锅二号店旁边的旁边四间火锅我觉得现在比响火锅好吃点而且价格也还行 福满轩那个苍蝇馆子我觉得也好吃 好多菜都很下饭 还有合平酿造那个烤肉 （这个一定要有人会烤肉才去哈 不会烤的去吃有点恼火 那个火很快）精酿也不错可以去尝试一下 炸串我推荐重医门口那个报亭炸串 吃的辣的话多放那个辣椒面好吃的板 其实重医附近的店都还可以 但是不经常在那边吃 可以做哈攻略,03-24,重庆,11,,positive,"推荐, 不错, 下饭, 好吃",True,direct,大坪.txt,643
四间火锅,,03-19,黄桃要胖我要瘦（小洛洛天会亮）,去重庆玩，我也觉得四间火锅好吃,03-25,辽宁,2,,positive,好吃,False,direct,大坪.txt,649
响火锅,,03-19,Interesting,回复 сhегrу__☂ : 其实都还不错火锅我个人还是比较喜欢响火锅、还有个姐妹肥肠鸡也不错，有个慕香红油串串是我的心头爱，性价比拉满，味道也很好,06-21,重庆,0,сhегrу__☂,positive,"性价比, 香, 不错, 喜欢",False,direct,大坪.txt,685
响火锅,,03-19,巨大的皮老师,陈眼镜响火锅统统避雷，响火锅老店前面几步的梯坎老火锅才是王炸，绝对宝藏店,03-24,重庆,3,,positive,"宝藏, 王炸",True,direct,大坪.txt,825
梯坎老火锅,,03-19,巨大的皮老师,陈眼镜响火锅统统避雷，响火锅老店前面几步的梯坎老火锅才是王炸，绝对宝藏店,03-24,重庆,3,,positive,"宝藏, 王炸",True,direct,大坪.txt,825
梯坎老火锅,,03-19,重庆苞谷哥,回复 Raindrops : 一个梯坎肥肠在歇台子派出所旁边，还有个叫胖哥肥肠，原来也开在派出所旁边，现在不准停车，搬到奥体那边去了。,03-25,重庆,1,Raindrops,neutral,,False,direct,大坪.txt,1114
响火锅,,03-19,新醅旧酿,不要吃响火锅！难吃！苦！,03-23,重庆,8,,negative,"难吃, 苦",False,direct,大坪.txt,1224
瓜火锅,,03-19,好运姐💤,瓜火锅，讲娃儿麻辣烫，飞哥烧烤，方言胡辣壳米线，石油路老居民经常吃的，这几家都是开好多年的老店了,03-22,重庆,2,,neutral,,False,direct,大坪.txt,1230
四间火锅,,03-19,问一问,评论区里推荐和争议都比较集中， 大坪/石油路附近被提到最多的是火锅、串串、烧烤和一些居民区小店 。 高频被推荐 响火锅：提到次数很多，也有人明确说会一直推荐，但后面争议也大 陈眼镜：有人推荐，也有人明确说不好吃、偏辣 摊摊串串/摊摊麻辣串：石油路2号口、露天坝这类说法出现较多，整体推荐度较高 重医门口炸串：被多次提到，尤其是报亭炸串、苕皮豆干 福满轩：苍蝇馆子，多条评论提到下饭 四间火锅：有评论说现在比响火锅更好吃，价格也还可以 梯坎老火锅：有评论明确说是宝藏店，位置在响火锅老店前面几步 点赞较高的具体推荐 点赞最高的一条提到：蕃茄味、旁边的清补凉、炸蘑菇 另一条高赞评论提到：响火锅、渝芝香美蛙三合鱼、房记来大排档的烤苕皮、黔江鸡杂、姐妹肥肠鸡、辣螃凯盆盆蟹 还有高赞评论提到：四间火锅、福满轩、合平酿造烤肉、重医门口报亭炸串 争议比较大的店 响火锅：有人强烈推荐，也有人说一般、难吃、锅底苦、菜品质差 陈眼镜：有人推荐，也有人明确说难吃、太水、不值得 大坪123麻辣烫：有评论直接说不要去，也有人反馈吃了拉肚子 平平898：有人说不要去，排队久；也有人把它列入推荐名单 其他被反复提到的店 赵大妹：酸辣粉和豆花被提到较多 林食天：有人觉得好吃，但优先级不如赵大妹、陈眼镜 山禾：川菜馆，有人说有点辣但好吃 兴隆面馆：七星岗附近，被多次说好吃 百盛怪味鱼、悦来香酒楼、邓记砂锅蹄花、方盐煳辣壳米线、重医烧烤等也都有人点名 整体评论区倾向 很多人更推荐老居民楼、街边小店、夜市摊摊，觉得比商场里更地道 也有人提醒，大坪吃的很多，但不要盲目信网红店或出租车推荐 如果只看评论区热度， 最值得先看的是响火锅、摊摊串串、重医炸串、福满轩、四间火锅、梯坎老火锅 ；如果想避开争议，可以优先看居民区小店和夜市摊摊。,07-14,,0,,negative,"不好吃, 锅底苦, 菜品差, 拉肚子, 排队久, 难吃, 苦, 差, 水",True,direct,大坪.txt,1268
响火锅,,03-19,问一问,评论区里推荐和争议都比较集中， 大坪/石油路附近被提到最多的是火锅、串串、烧烤和一些居民区小店 。 高频被推荐 响火锅：提到次数很多，也有人明确说会一直推荐，但后面争议也大 陈眼镜：有人推荐，也有人明确说不好吃、偏辣 摊摊串串/摊摊麻辣串：石油路2号口、露天坝这类说法出现较多，整体推荐度较高 重医门口炸串：被多次提到，尤其是报亭炸串、苕皮豆干 福满轩：苍蝇馆子，多条评论提到下饭 四间火锅：有评论说现在比响火锅更好吃，价格也还可以 梯坎老火锅：有评论明确说是宝藏店，位置在响火锅老店前面几步 点赞较高的具体推荐 点赞最高的一条提到：蕃茄味、旁边的清补凉、炸蘑菇 另一条高赞评论提到：响火锅、渝芝香美蛙三合鱼、房记来大排档的烤苕皮、黔江鸡杂、姐妹肥肠鸡、辣螃凯盆盆蟹 还有高赞评论提到：四间火锅、福满轩、合平酿造烤肉、重医门口报亭炸串 争议比较大的店 响火锅：有人强烈推荐，也有人说一般、难吃、锅底苦、菜品质差 陈眼镜：有人推荐，也有人明确说难吃、太水、不值得 大坪123麻辣烫：有评论直接说不要去，也有人反馈吃了拉肚子 平平898：有人说不要去，排队久；也有人把它列入推荐名单 其他被反复提到的店 赵大妹：酸辣粉和豆花被提到较多 林食天：有人觉得好吃，但优先级不如赵大妹、陈眼镜 山禾：川菜馆，有人说有点辣但好吃 兴隆面馆：七星岗附近，被多次说好吃 百盛怪味鱼、悦来香酒楼、邓记砂锅蹄花、方盐煳辣壳米线、重医烧烤等也都有人点名 整体评论区倾向 很多人更推荐老居民楼、街边小店、夜市摊摊，觉得比商场里更地道 也有人提醒，大坪吃的很多，但不要盲目信网红店或出租车推荐 如果只看评论区热度， 最值得先看的是响火锅、摊摊串串、重医炸串、福满轩、四间火锅、梯坎老火锅 ；如果想避开争议，可以优先看居民区小店和夜市摊摊。,07-14,,0,,negative,"不好吃, 锅底苦, 菜品差, 拉肚子, 排队久, 难吃, 苦, 差, 水",True,direct,大坪.txt,1268
梯坎老火锅,,03-19,问一问,评论区里推荐和争议都比较集中， 大坪/石油路附近被提到最多的是火锅、串串、烧烤和一些居民区小店 。 高频被推荐 响火锅：提到次数很多，也有人明确说会一直推荐，但后面争议也大 陈眼镜：有人推荐，也有人明确说不好吃、偏辣 摊摊串串/摊摊麻辣串：石油路2号口、露天坝这类说法出现较多，整体推荐度较高 重医门口炸串：被多次提到，尤其是报亭炸串、苕皮豆干 福满轩：苍蝇馆子，多条评论提到下饭 四间火锅：有评论说现在比响火锅更好吃，价格也还可以 梯坎老火锅：有评论明确说是宝藏店，位置在响火锅老店前面几步 点赞较高的具体推荐 点赞最高的一条提到：蕃茄味、旁边的清补凉、炸蘑菇 另一条高赞评论提到：响火锅、渝芝香美蛙三合鱼、房记来大排档的烤苕皮、黔江鸡杂、姐妹肥肠鸡、辣螃凯盆盆蟹 还有高赞评论提到：四间火锅、福满轩、合平酿造烤肉、重医门口报亭炸串 争议比较大的店 响火锅：有人强烈推荐，也有人说一般、难吃、锅底苦、菜品质差 陈眼镜：有人推荐，也有人明确说难吃、太水、不值得 大坪123麻辣烫：有评论直接说不要去，也有人反馈吃了拉肚子 平平898：有人说不要去，排队久；也有人把它列入推荐名单 其他被反复提到的店 赵大妹：酸辣粉和豆花被提到较多 林食天：有人觉得好吃，但优先级不如赵大妹、陈眼镜 山禾：川菜馆，有人说有点辣但好吃 兴隆面馆：七星岗附近，被多次说好吃 百盛怪味鱼、悦来香酒楼、邓记砂锅蹄花、方盐煳辣壳米线、重医烧烤等也都有人点名 整体评论区倾向 很多人更推荐老居民楼、街边小店、夜市摊摊，觉得比商场里更地道 也有人提醒，大坪吃的很多，但不要盲目信网红店或出租车推荐 如果只看评论区热度， 最值得先看的是响火锅、摊摊串串、重医炸串、福满轩、四间火锅、梯坎老火锅 ；如果想避开争议，可以优先看居民区小店和夜市摊摊。,07-14,,0,,negative,"不好吃, 锅底苦, 菜品差, 拉肚子, 排队久, 难吃, 苦, 差, 水",True,direct,大坪.txt,1268
贰妹贵州地摊火锅,,03-19,tugozqleejl,贰妹贵州地摊火锅,06-12,重庆,0,,neutral,,False,direct,大坪.txt,1393
响火锅,,03-19,biu砸,我绝不会告诉你 贰妹贵州地摊火锅很好吃，也绝不会告诉你响火锅的黑金酥肉很绝望，也不愿意告诉你正兴老灶火锅的水果牛肉很鲜美（这家火锅很麻）,03-25,重庆,1,,positive,好吃,True,direct,大坪.txt,1411
贰妹贵州地摊火锅,,03-19,biu砸,我绝不会告诉你 贰妹贵州地摊火锅很好吃，也绝不会告诉你响火锅的黑金酥肉很绝望，也不愿意告诉你正兴老灶火锅的水果牛肉很鲜美（这家火锅很麻）,03-25,重庆,1,,positive,好吃,True,direct,大坪.txt,1411
响火锅,,03-19,MO刷到提醒我学习 谢谢,响火锅，时代天街有个山禾是个川菜馆有点辣但好吃,04-02,重庆,0,,positive,好吃,False,direct,大坪.txt,1465
郭记明火锅,,03-19,德善呐,明火锅,03-24,四川,1,,neutral,,False,direct,大坪.txt,1498
响火锅,,03-19,momo,摊摊麻辣串、绮遇米线（泡椒）、响火锅、聪坡坡米线、江娃儿麻辣烫、钱摊摊夺夺粉、我家厨房,03-22,重庆,0,,neutral,,False,direct,大坪.txt,1609
响火锅,,03-19,回复, iGloos 炒菜 平平898 火锅 响火锅 陈眼镜,03-21,重庆,0,,neutral,,False,direct,大坪.txt,1662
响火锅,大坪，龙湖时代天街，石油路附近有没有推荐的美食啊，漂亮饭和local一点的都可以，不要广告，要好吃！！#反复去吃的美食 #本地人推荐 #重庆#龙湖时代天街#大坪#生日漂亮饭,编辑于 03-30,斯菲尔德,响火锅,03-17,重庆,0,,neutral,,False,direct,大坪.txt,2815
贰妹贵州地摊火锅,大坪，龙湖时代天街，石油路附近有没有推荐的美食啊，漂亮饭和local一点的都可以，不要广告，要好吃！！#反复去吃的美食 #本地人推荐 #重庆#龙湖时代天街#大坪#生日漂亮饭,编辑于 03-30,tugozqleejl,贰妹贵州地摊火锅,03-11,重庆,0,,neutral,,False,direct,大坪.txt,2938
响火锅,大坪，龙湖时代天街，石油路附近有没有推荐的美食啊，漂亮饭和local一点的都可以，不要广告，要好吃！！#反复去吃的美食 #本地人推荐 #重庆#龙湖时代天街#大坪#生日漂亮饭,编辑于 03-30,lllllxxxx,响火锅非常好吃，能吃辣的非常推荐非常地道,03-10,重庆,1,,positive,"推荐, 地道, 好吃",False,direct,大坪.txt,2962
梯坎老火锅,小修勾,2025-03-12,二哥的娜姐,冉大美饭店，福满轩，英李对面的羊肉粉，梯坎老火锅。,2025-03-13,重庆,0,,neutral,,False,direct,大坪.txt,4040
三孃老火锅,小修勾,2025-03-12,acmilan然,我反复吃的： 火锅：李火辣、三孃 粉面：琦遇、牛鲜生、板凳面 日料：耶一口、鹤龟 暂时就想到这些，想起来再加,2025-03-12,重庆,0,,neutral,,False,direct,大坪.txt,4167
响火锅,小修勾,2025-03-12,芝麻笑咧了,石油路怪味鱼和大盘鸡，英利的响火锅，福满轩，时代天街鹤龟日料，北门胜利酱爆铁签烤肉,2025-03-12,重庆,1,,neutral,,False,direct,大坪.txt,4192
贰妹贵州地摊火锅,小修勾,2025-03-12,Molly_,我刚刚吃了时代这边时代汇五栋二楼的贵州地摊火锅，超级好吃啊，又便宜，猪肉38一斤，蔬菜自助油碟锅底15一个人，两个人一百来块吃得撑爆了,2025-03-12,重庆,14,,positive,"超级好吃, 好吃",False,direct,大坪.txt,4502
四间火锅,小修勾,2025-03-12,wait,四间火锅 钱摊摊酸汤@Josephine,2025-03-12,重庆,2,,neutral,,False,direct,大坪.txt,4634
贰妹贵州地摊火锅,小修勾,2025-03-12,tugozqleejl,那肯定是时代汇这家贰妹贵州火锅啦，开了一年多了才发现这家宝藏点,,,0,,positive,宝藏,False,direct,大坪.txt,4714
贰妹贵州地摊火锅,小修勾,2025-03-12,杜杜,贰妹贵州豆豉火锅,2025-03-14,重庆,1,,neutral,,False,direct,大坪.txt,4739
四间火锅,小修勾,2025-03-12,momo,我个人觉得那个四间火锅很好吃，我和朋友每次在那边玩都吃那个,2025-03-13,重庆,0,,positive,好吃,False,direct,大坪.txt,4775
郭记明火锅,,2023-12-30,July11,郭记明火锅 就是大坪那边 不好吃来砍我 我明天就去吃 和我对象吃了十几次了 已经成功推荐十几个小红书的外地朋友吃了,2023-12-30,重庆,58,,positive,"不好吃来砍我(好评), 推荐, 好吃来砍我",False,direct,大坪.txt,4910
郭记明火锅,,2023-12-30,Nnnnnnnnnnni,作者 姐妹，吃了郭记明火锅！味道真滴不错！但是我朋友手机遭偷了，现在人在派出所,,,0,,positive,不错,False,direct,大坪.txt,4986
瓜火锅,,2023-12-30,波比今天饿了没🍎,回复 小克 : 我看好像瓜火锅也挺多人推的,2025-07-16,重庆,0,小克,neutral,,False,direct,大坪.txt,5295
瓜火锅,,2023-12-30,小克,回复 波比今天饿了没🍎 : 瓜火锅不是我们之前吃的那个呀,2025-07-16,重庆,0,波比今天饿了没🍎,neutral,,False,direct,大坪.txt,5301
郭记明火锅,,2023-12-30,July11,回复 berryzl : 你搜姐妹肥肠鸡 在旁边 就是郭记明火锅（立源地店） 店不大 招牌写的“明火锅”高德地图就搜得到,2024-01-15,重庆,0,berryzl,neutral,,False,direct,大坪.txt,5385
四间火锅,,2023-12-30,咕嘟咕嘟吹泡泡,四间 陋室,2023-12-30,重庆,5,,neutral,,False,direct,大坪.txt,5404
四间火锅,,2023-12-30,Nnnnnnnnnnni,作者 我看四间说有点脏,2023-12-30,重庆,2,,negative,脏,False,direct,大坪.txt,5410
四间火锅,,2023-12-30,momo,回复 Nnnnnnnnnnni : 四间味道很淡 我个人不喜欢这种淡piapia的火锅 不好吃,2023-12-30,重庆,1,Nnnnnnnnnnni,positive,喜欢,False,direct,大坪.txt,5417
响火锅,,2023-12-30,YYeon_Echo🖤🦋,陋室我看怎么歇业了我觉得他家比隔壁响火锅好吃多了,2023-12-30,重庆,0,,positive,好吃,False,direct,大坪.txt,5430
瓜火锅,,2023-12-30,緋,瓜火锅,2024-01-05,重庆,1,,neutral,,False,direct,大坪.txt,5520
瓜火锅,,2023-12-30,青提软曲奇,瓜火锅我和我朋友都觉得难吃，吃的是时代天街那家，真的重庆难吃的火锅还是挺少的,2024-01-05,四川,5,,negative,难吃,False,direct,大坪.txt,5526
瓜火锅,,2023-12-30,青提软曲奇,回复 宝宝吃饱饱 : 懂了！怪不得瓜火锅褒贬不一,2024-01-20,重庆,0,宝宝吃饱饱,neutral,,False,direct,大坪.txt,5568
瓜火锅,,2023-12-30,大科学家,瓜火锅 如果不嫌麻烦去麻大侠（远一点点）,2024-01-26,重庆,0,,neutral,,False,direct,大坪.txt,5622
三孃老火锅,,2023-12-30,Momo一个,三孃老火锅,2024-01-06,重庆,0,,neutral,,False,direct,大坪.txt,5634
响火锅,,2023-12-30,sheena,响火锅！真的很喜欢,2024-01-06,重庆,1,,positive,喜欢,False,direct,大坪.txt,5664
响火锅,,2023-12-30,向阳而生👒,响火锅以前经常吃，后来觉得吃到后面太辣了，最近在吃晓巷里！,2024-01-05,重庆,0,,neutral,,False,direct,大坪.txt,5682
瓜火锅,,2023-12-30,旺旺弃疾,瓜火锅，吃了两次！,2024-01-02,重庆,2,,neutral,,False,direct,大坪.txt,5706
响火锅,,2023-12-30,越前牛马,瓜火锅 响火锅 张崇会,2023-12-31,重庆,0,,neutral,,True,direct,大坪.txt,5724
瓜火锅,,2023-12-30,越前牛马,瓜火锅 响火锅 张崇会,2023-12-31,重庆,0,,neutral,,True,direct,大坪.txt,5724
响火锅,,2023-12-30,🍒（减肥版）,瓜火锅、响火锅,2023-12-31,重庆,1,,neutral,,True,direct,大坪.txt,5730
瓜火锅,,2023-12-30,🍒（减肥版）,瓜火锅、响火锅,2023-12-31,重庆,1,,neutral,,True,direct,大坪.txt,5730
响火锅,,2023-12-30,momo,响火锅，陈眼镜，瓜火锅，后火锅，都可以,2023-12-31,重庆,1,,neutral,,True,direct,大坪.txt,5736
瓜火锅,,2023-12-30,momo,响火锅，陈眼镜，瓜火锅，后火锅，都可以,2023-12-31,重庆,1,,neutral,,True,direct,大坪.txt,5736
响火锅,,2023-12-30,杨,响火锅，后火锅。陈眼镜,2023-12-30,重庆,0,,neutral,,False,direct,大坪.txt,5784
响火锅,,2023-12-30,🍬,响火锅好好吃哦,2024-01-18,重庆,1,,positive,好吃,False,direct,大坪.txt,5796
三孃老火锅,,2023-12-30,啊黄很酷,三孃 锅底香 不是寡辣那种,2024-01-16,重庆,0,,positive,香,False,direct,大坪.txt,5802
响火锅,,2023-12-30,momo,响火锅,2024-01-06,重庆,0,,neutral,,False,direct,大坪.txt,5826
四间火锅,,2023-12-30,小女李小姐,堂客老火锅 四间 陋室 响 都是平时吃的比较多的，可以看下美团团购,2024-01-04,重庆,2,,neutral,,False,direct,大坪.txt,5838
四间火锅,,2023-12-30,Ni,终于看到四间了 我最喜欢去吃的,2024-01-04,重庆,4,,positive,喜欢,False,direct,大坪.txt,5844
响火锅,,2023-12-30,Chillll,响火锅,2024-01-03,重庆,1,,neutral,,False,direct,大坪.txt,5874
响火锅,,2023-12-30,刘氯氩钾钙,响火锅！,2024-01-03,重庆,0,,neutral,,False,direct,大坪.txt,5880
瓜火锅,,2023-12-30,旺旺弃疾,为啥没人推 瓜火锅，吃了两次了，好吃不网红,2024-01-02,重庆,1,,negative,没好吃,False,direct,大坪.txt,5886
响火锅,,2023-12-30,西里,响火锅！,2024-01-02,重庆,2,,neutral,,False,direct,大坪.txt,5892
响火锅,,2023-12-30,壮壮,响火锅呀,2024-01-01,重庆,2,,neutral,,False,direct,大坪.txt,5898
响火锅,,2023-12-30,那又关你什么事呢,响火锅还可以,2023-12-31,重庆,1,,neutral,,False,direct,大坪.txt,5904
响火锅,,2023-12-30,少女时代心目中的超级英雄,响火锅好吃，来自时代天街街溜子,2023-12-30,重庆,1,,positive,好吃,False,direct,大坪.txt,5988
响火锅,,2023-12-30,Nnnnnnnnnnni,作者 响火锅吃过了嘿嘿,2023-12-30,重庆,1,,neutral,,False,direct,大坪.txt,5994
响火锅,,2023-12-30,没有拉花小助理,三孃老火锅，响火锅,2023-12-30,重庆,8,,neutral,,True,direct,大坪.txt,6088
三孃老火锅,,2023-12-30,没有拉花小助理,三孃老火锅，响火锅,2023-12-30,重庆,8,,neutral,,True,direct,大坪.txt,6088
响火锅,,2023-12-30,jiu jiu,回复 Nnnnnnnnnnni : 三孃才去吃了感觉一般耶，响火锅总店更好吃,2023-12-31,四川,5,Nnnnnnnnnnni,positive,好吃,True,direct,大坪.txt,6108
三孃老火锅,,2023-12-30,jiu jiu,回复 Nnnnnnnnnnni : 三孃才去吃了感觉一般耶，响火锅总店更好吃,2023-12-31,四川,5,Nnnnnnnnnnni,positive,好吃,True,direct,大坪.txt,6108
响火锅,,2023-12-30,梨子不爱吃梨ya,回复 没有拉花小助理 : 小天后在哪里。三孃我以前也好喜欢，就是每次等位太久了，夏天的时候每次要被咬一腿的疙瘩。后面吃响火锅吃得多就在楼下方便不过也有点吃腻了,2024-01-01,重庆,0,没有拉花小助理,positive,喜欢,True,direct,大坪.txt,6120
三孃老火锅,,2023-12-30,梨子不爱吃梨ya,回复 没有拉花小助理 : 小天后在哪里。三孃我以前也好喜欢，就是每次等位太久了，夏天的时候每次要被咬一腿的疙瘩。后面吃响火锅吃得多就在楼下方便不过也有点吃腻了,2024-01-01,重庆,0,没有拉花小助理,positive,喜欢,True,direct,大坪.txt,6120
响火锅,,2023-12-30,jiu jiu,回复 Nnnnnnnnnnni : 三孃才去吃了感觉一般耶，响火锅总店更好吃,2023-12-31,四川,5,Nnnnnnnnnnni,positive,好吃,True,direct,大坪.txt,6139
三孃老火锅,,2023-12-30,jiu jiu,回复 Nnnnnnnnnnni : 三孃才去吃了感觉一般耶，响火锅总店更好吃,2023-12-31,四川,5,Nnnnnnnnnnni,positive,好吃,True,direct,大坪.txt,6139
响火锅,,2023-12-30,梨子不爱吃梨ya,回复 没有拉花小助理 : 小天后在哪里。三孃我以前也好喜欢，就是每次等位太久了，夏天的时候每次要被咬一腿的疙瘩。后面吃响火锅吃得多就在楼下方便不过也有点吃腻了,2024-01-01,重庆,0,没有拉花小助理,positive,喜欢,True,direct,大坪.txt,6151
三孃老火锅,,2023-12-30,梨子不爱吃梨ya,回复 没有拉花小助理 : 小天后在哪里。三孃我以前也好喜欢，就是每次等位太久了，夏天的时候每次要被咬一腿的疙瘩。后面吃响火锅吃得多就在楼下方便不过也有点吃腻了,2024-01-01,重庆,0,没有拉花小助理,positive,喜欢,True,direct,大坪.txt,6151
响火锅,,2023-12-30,芋泥兔,回复 没有拉花小助理 : 小天后我也觉得好吃，响火锅去过一次，那时候还是怀孕7个月等了3小时，那天吃的不好吃,2024-01-02,重庆,0,没有拉花小助理,negative,"不好吃, 没好吃",False,direct,大坪.txt,6163
三孃老火锅,,2023-12-30,没有拉花小助理,回复 梨子不爱吃梨ya : 我超爱三孃，昨天也爱上了小天后,2024-01-01,重庆,0,梨子不爱吃梨ya,positive,爱吃,False,direct,大坪.txt,6175
三孃老火锅,石油路时代天街附近，除了火锅串串外，就没有好吃的！！！！#美食日常 #重庆口味 #好吃的 #美食,2025-04-27,空闲做 ppt 到季节卖桃子（外包版）,杨三孃跷脚牛肉 好吃不贵 撑翻你的胃,2025-05-01,重庆,1,,positive,"好吃不贵, 好吃",False,direct,大坪-1.txt,702
响火锅,,编辑于 03-26,阴影人,博主你好，响火锅如何呢？我看很多人推荐这家，在石油路有两家呢你这里都没入选，是不好吃吗？,2023-10-07,北京,0,,negative,"不好吃, 没好吃",False,direct,大坪-1.txt,981
响火锅,,编辑于 03-26,WWinona_💜,我好喜欢吃响火锅 想念的就是那一口 还有旁边有一家巷子里的火锅 我家人很喜欢的一家,2024-04-15,英国,0,,positive,喜欢,False,direct,大坪-1.txt,999
响火锅,,编辑于 03-26,初江,响火锅是没给你钱吗？最好吃的火锅又便宜,2025-12-18,重庆,0,,negative,没好吃,False,direct,大坪-1.txt,1107
响火锅,,编辑于 03-26,米老师还在吃,作者 所有店都没给钱，我觉得响火锅很一般,2025-12-18,重庆,0,,negative,一般,False,direct,大坪-1.txt,1113
瓜火锅,,编辑于 03-26,彗星不撞地球,我感觉大坪最好吃的火锅店是瓜火锅 午餐肉 贡菜丸子还有耙鸡爪耙牛肉 都是自己做的 甜品也都是个位数,,,0,,positive,好吃,False,direct,大坪-1.txt,1176
响火锅,,2024-07-24,摊摊麻辣串： 就在石油路地铁站2A口出来，是很多游客和本地人的心头好。推荐必点 炸苕皮 和泡面，牛油锅底非常香。不过他家微辣就很辣了，不太能吃辣的朋友要注意！,晓付烧烤： 石油路夜市的代表之一，晚上非常热闹。想体验重庆的夜生活，来这里撸串喝酒就对了。 响火锅： 这家的火锅底料味道正宗，而且价格亲民。1元钱的冰汤圆和冰粉是解辣神器，可以无限续，非常划算。 良记方锅盔： 很有特色的方形锅盔，里面夹着刮刮凉粉，淋上油辣子，香脆可口。记得要趁热吃，不然锅盔会回软。 ✨美食探索小贴士,,,0,,positive,"正宗, 香, 划算, 神",False,direct,大坪-1.txt,2128
四间火锅,时代天街美食拔草日记（一）,编辑于 2025-10-15,打不过就略略略,作者 更新：震惊！泉记手工粉居然闭店了它真的是正宗的顺德米粉，真的超级好吃 置顶评论,01-10,重庆,1,,positive,"超级好吃, 正宗, 好吃",False,post_context,避雷.txt,39
四间火锅,时代天街美食拔草日记（一）,编辑于 2025-10-15,我係tomato,啊啊啊啊啊补药啊 看了你的帖子刚想去吃来着,01-15,重庆,1,,neutral,,False,post_context,避雷.txt,47
四间火锅,时代天街美食拔草日记（一）,编辑于 2025-10-15,探花.,重医门口的卤肉卷在哪呀 是在东门出去那嘛？,2025-10-16,重庆,0,,neutral,,False,post_context,避雷.txt,53
四间火锅,时代天街美食拔草日记（一）,编辑于 2025-10-15,打不过就略略略,作者 不知道是不是东门，就是离时代天街很近的那个门，旁边还有一个很火的炸串,2025-10-16,重庆,0,,neutral,,False,post_context,避雷.txt,59
四间火锅,时代天街美食拔草日记（一）,编辑于 2025-10-15,探花.,回复 打不过就略略略 : 好的呀！那我知道在哪了！！谢谢你,2025-10-16,重庆,0,打不过就略略略,neutral,,False,post_context,避雷.txt,66
四间火锅,时代天街美食拔草日记（一）,编辑于 2025-10-15,你和我一个精神病计较什么呢,回复 探花. : 定位在哪里呀姐妹？我也想去吃,2025-10-16,重庆,0,探花.,neutral,,False,post_context,避雷.txt,72
四间火锅,时代天街美食拔草日记（一）,编辑于 2025-10-15,探花.,回复 你和我一个精神病计较什么呢 : 你就定重庆医科大学袁家岗校区东门应该就可以了诶 应该是那种小摊摊 我好像之前在校门口看到过,2025-10-16,重庆,0,你和我一个精神病计较什么呢,positive,神,False,post_context,避雷.txt,78
四间火锅,时代天街美食拔草日记（一）,编辑于 2025-10-15,Joosuk,回复 探花. : 那家真的很好吃 而且嬢嬢人也很好[棒R],2025-10-17,重庆,0,探花.,positive,好吃,False,post_context,避雷.txt,84
四间火锅,时代天街美食拔草日记（一）,编辑于 2025-10-15,🐾喵叽咪🐾,我的同事都在给我推荐大口茶，真的这么好喝吗？我当时觉得里面是不是加了什么科技狠活呢？那等我出差回来我去试一下吧。在时代天街的什么地方呀？,2025-10-18,重庆,0,,positive,推荐,False,post_context,避雷.txt,90
四间火锅,时代天街美食拔草日记（一）,编辑于 2025-10-15,罗罗烟火日常,就在地铁通道，往商场里走茶颜悦色斜对面那里,2025-10-20,重庆,1,,neutral,,False,post_context,避雷.txt,96
四间火锅,时代天街美食拔草日记（一）,编辑于 2025-10-15,🐾喵叽咪🐾,回复 罗罗烟火日常 : 好，周末出差回去就去尝！,2025-10-20,广东,0,罗罗烟火日常,negative,差,False,post_context,避雷.txt,102
四间火锅,时代天街美食拔草日记（一）,编辑于 2025-10-15,小红薯65AA46B8,挺有特色的 没喝过可以尝一下,2025-10-22,重庆,0,,neutral,,False,post_context,避雷.txt,108
四间火锅,时代天街美食拔草日记（一）,编辑于 2025-10-15,我,喜欢吃米线吗，这边的绮遇和老号砂锅米线是我的最爱,2025-10-16,重庆,0,,positive,喜欢,False,post_context,避雷.txt,114
四间火锅,时代天街美食拔草日记（一）,编辑于 2025-10-15,小红帽,绮遇好吃,2025-10-21,重庆,0,,positive,好吃,False,post_context,避雷.txt,120
四间火锅,时代天街美食拔草日记（一）,编辑于 2025-10-15,momo,老字号好吃！！,2025-10-21,重庆,0,,positive,好吃,False,post_context,避雷.txt,126
四间火锅,时代天街美食拔草日记（一）,编辑于 2025-10-15,momo,y米线，醋多多米线，刘爱哭米线这三家米线不错滴,2025-10-17,重庆,0,,positive,不错,False,post_context,避雷.txt,132
四间火锅,时代天街美食拔草日记（一）,编辑于 2025-10-15,打不过就略略略,作者 收到，感谢推荐[棒R]下次去试试,2025-10-18,重庆,0,,positive,推荐,False,post_context,避雷.txt,138
四间火锅,时代天街美食拔草日记（一）,编辑于 2025-10-15,momo,最后一家的鸡在哪里呀，想周末做完实验去吃,05-06,重庆,0,,neutral,,False,post_context,避雷.txt,145
四间火锅,时代天街美食拔草日记（一）,编辑于 2025-10-15,打不过就略略略,作者 在重医袁家岗校区附近，导航一下“漆家鸡”，旁边还有个姐妹肥肠鸡，也还不错,05-06,重庆,0,,positive,不错,False,post_context,避雷.txt,151
四间火锅,时代天街美食拔草日记（一）,编辑于 2025-10-15,加载中, 旧房翻新🐼 要的，你把你的给我吧，这里回，不然怕被feng,2025-11-02,重庆,0,,neutral,,False,post_context,避雷.txt,157
四间火锅,时代天街美食拔草日记（一）,编辑于 2025-10-15,冰粉杀手,A馆manner那条街有一家柠檬茶 名字不记得了 我喝过最好喝的！！！！！！瓶子是方形的那家,2025-10-22,重庆,1,,neutral,,False,post_context,避雷.txt,165
四间火锅,时代天街美食拔草日记（一）,编辑于 2025-10-15,打不过就略略略,作者 又来喝了，仙品！！！！！[棒R][棒R][棒R],,,0,,positive,仙品,False,post_context,避雷.txt,171
四间火锅,时代天街美食拔草日记（一）,编辑于 2025-10-15,回复, SaturdayDog 麒麟大口茶好喝好喝好喝好喝好喝好喝好喝好喝好喝好喝好喝好喝！！！！你仙品,2025-10-17,重庆,1,,positive,仙品,False,post_context,避雷.txt,177
